Open,High,Low,Close,Volume,Ex-Dividend,Split Ratio,Adj. Open,Adj. High,Adj. Low,Adj. Close,Adj. Volume,l_ac,dl_ac
624.75,625.4,619.98,619.98,2437100.0,0.0,1.0,313.34225753122706,313.66826388159967,310.9498724677233,310.9498724677233,2437100.0,5.739631717412246,0.0024223644420988677
592.0,603.25,589.11,602.02,9439100.0,0.0,1.0,296.91655295476016,302.5589705573633,295.46707856618036,301.942066232812,9439100.0,5.710235165306253,-0.029396552105993123
591.59,593.56,578.04,580.0,10858100.0,0.0,1.0,296.71091817990975,297.6989681956544,289.91493964521885,290.89797417865014,10858100.0,5.672972601498393,-0.03726256380786008
564.5,570.6,534.86,550.01,13587100.0,0.0,1.0,283.1239765928414,286.1834208040307,268.2580870158497,275.85654272068854,13587100.0,5.6198809578373385,-0.053091643661054455
538.49,540.99,525.61,529.944,8272700.0,0.0,1.0,270.078707095623,271.33257767397924,263.61876587593156,265.7924759105699,8272700.0,5.582715838544286,-0.03716511929305266
528.4,533.4985,522.46,531.29,6305600.0,0.0,1.0,265.01808544137714,267.5752290988769,262.0388889472027,266.46755982995694,6305600.0,5.585252509479742,0.0025366709354557315
532.97,537.15,530.5,533.12,4554800.0,0.0,1.0,267.3101608586124,269.406632465624,266.0713367271964,267.3853930933137,4554800.0,5.588691037496351,0.0034385280166091547
541.0,544.03,539.7,540.763,5101000.0,0.0,1.0,271.33759315629266,272.8572842972604,270.68558045554744,271.2187262254645,5101000.0,5.602925603186359,0.014234565690007805
527.42,531.75,523.48,526.8,4094500.0,0.0,1.0,264.52656817466146,266.6982720163745,262.55046814317205,264.2156082712291,4094500.0,5.5767654678270535,-0.02616013535930506
561.35,567.67,559.9,564.21,7816500.0,0.0,1.0,281.54409966411254,284.7138844861971,280.8168547286659,282.9785276057521,7816500.0,5.645371020580025,0.0686055527529712
588.14,588.275,579.16,579.54,5501200.0,0.0,1.0,294.9805767817781,295.0482857930093,290.47667366432245,290.66726199223257,5501200.0,5.672179183377187,0.02680816279716236
566.23,568.0,557.28,560.0,9578800.0,0.0,1.0,283.9916550330639,284.8793954025401,279.50279836254856,280.86700955180015,9578800.0,5.637881281687123,-0.034297901690064414
565.27,567.39,560.0201,562.69,5387000.0,0.0,1.0,283.5101687309751,284.5734509814212,280.87709067125013,282.2161742941115,5387000.0,5.642673352780211,0.004792071093087991
571.35,573.45,565.55,568.8,4201100.0,0.0,1.0,286.55958197753756,287.6128332633568,283.650602235751,285.2806339876141,4201100.0,5.653473376446959,0.01080002366674826
568.0,568.77,564.0,566.22,4109000.0,0.0,1.0,284.8793954025401,285.2655875406739,282.87320247717014,283.9866395507505,4109000.0,5.648927193219224,-0.004546183227734701
563.0,568.81,549.63,550.145,24446500.0,0.0,1.0,282.37165424582764,285.28564946992753,275.6659543927784,275.9242517319198,24446500.0,5.620126377802121,-0.02880081541710311
547.25,549.32,542.27,544.99,4174600.0,0.0,1.0,274.47226960218325,275.5104744410623,271.9745594100976,273.33877059934923,4174600.0,5.6107119438289805,-0.009414433973140568
531.13,537.68,525.44,525.695,4865900.0,0.0,1.0,266.38731211294214,269.6724530282355,263.53350267660335,263.6613974755957,4865900.0,5.574665694610079,-0.036046249218901316
499.97,505.32,481.33,493.14,10167800.0,0.0,1.0,250.75906922430988,253.44235226199223,241.41021019208566,247.33349480424056,10167800.0,5.510737607346392,-0.0639280872636876
509.77,510.99,496.25,507.53,8223700.0,0.0,1.0,255.67424189146635,256.2861307337042,248.89330980371577,254.55077385325913,8223700.0,5.539500320427241,0.02876271308084899
469.06,485.0,464.4,472.05,19362200.0,0.0,1.0,235.25621339351318,243.25089220111263,232.91899863545711,236.75584260522726,19362200.0,5.467029410136454,-0.07247091029078678
492.74,493.45,483.0,485.63,5783800.0,0.0,1.0,247.1328755117036,247.48897475595675,242.2477957384276,243.5668675868584,5783800.0,5.495391515037133,0.02836210490067881
499.72,509.25,496.7,498.72,7832700.0,0.0,1.0,250.63368216647424,255.41343681116825,249.11900650781988,250.13213393513175,7832700.0,5.521989313976955,0.026597798939822503
482.5,488.71,481.62,488.5,3559800.0,0.0,1.0,241.99702162275636,245.11163613939328,241.55565917917497,245.00631101081137,3559800.0,5.501283969440765,-0.020705344536190218
502.51,503.47,498.13,500.03,5740000.0,0.0,1.0,252.0330017319198,252.51448803400862,249.83622047863966,250.7891621181904,5740000.0,5.524612594580192,0.023328625139426684
477.06,477.646,470.56,472.68,4485900.0,0.0,1.0,239.26859924425318,239.56250650781988,236.00853574052692,237.07181799097302,4485900.0,5.468363124728743,-0.05624946985144863
441.62,442.2842,436.0,436.55,3868100.0,0.0,1.0,221.49372992547498,221.82685826073265,218.67502886533012,218.9508803925685,3868100.0,5.3888474142147444,-0.07951571051399853
471.96,473.26,462.78,467.49,8654300.0,0.0,1.0,236.71070326440642,237.36271596515166,232.10649050068227,234.46878267030544,8654300.0,5.457322456083561,0.06847504186881626
469.12,470.56,459.52,459.605,15633900.0,0.0,1.0,235.28630628739373,236.00853574052692,230.4714432665057,230.51407486616984,15633900.0,5.440311922898592,-0.017010533184969034
480.77,490.59,480.01,490.06,4524200.0,0.0,1.0,241.12934318253383,246.05454681431718,240.74816652671353,245.78872625170567,4524200.0,5.504472330545927,0.06416040764733566
479.65,487.36,479.14,484.85,4283900.0,0.0,1.0,240.56760916343023,244.43454602708093,240.31181956544557,243.17565996641127,4283900.0,5.4937840627084835,-0.01068826783744381
505.4,505.74,496.05,500.22,6632300.0,0.0,1.0,253.48247612049963,253.65300251915608,248.79300015744727,250.8844562821455,6632300.0,5.524992499608505,0.031208436900021397
489.0,491.19,486.01,486.35,3865500.0,0.0,1.0,245.25708512648262,246.3554757531227,243.75745591476854,243.92798231342502,3865500.0,5.496873027273377,-0.028119472335127682
467.97,471.59,461.0201,462.02,7827300.0,0.0,1.0,234.70952582134987,236.52513041880968,231.2238157683426,231.72531384486197,7827300.0,5.44555267814597,-0.05132034912740746
452.56,459.99,447.65,458.83,4620100.0,0.0,1.0,226.98066757636192,230.7071709352367,224.51806576047022,230.1253749868794,4620100.0,5.438624269044057,-0.006928409101912614
470.52,471.88,467.44,470.3,5075700.0,0.0,1.0,235.98847381127322,236.67057940589902,234.44370525873833,235.87813320037787,5075700.0,5.46331528690893,0.024691017864872933
479.02,479.79,475.0801,476.14,3944600.0,0.0,1.0,240.25163377768448,240.6378259158182,238.27558390101817,238.80717487141806,3944600.0,5.47565642659229,0.012341139683360147
483.75,491.2,481.18,490.15,11271900.0,0.0,1.0,242.6239569119345,246.36049123543611,241.33497795738427,245.83386559252648,11271900.0,5.5046559646656625,0.0289995380733723
521.74,527.829,518.26,527.29,6707000.0,0.0,1.0,261.6777742206361,264.73170140128053,259.9323863755642,264.46136690458695,6707000.0,5.577695179778206,0.07303921511254341
530.0,530.62,523.0,525.62,4445500.0,0.0,1.0,265.82056261152513,266.1315225149575,262.30972499212766,263.62378135824497,4445500.0,5.574523016154759,-0.0031721636234465223
532.77,537.605,527.62,536.35,5712600.0,0.0,1.0,267.20985121234384,269.63483691088487,264.62687782092996,269.00539388055,5712600.0,5.5947314310013665,0.02020841484660707
599.27,601.64,591.6,601.45,29619900.0,0.0,1.0,300.56280859662013,301.75147790490183,296.71593366222316,301.6561837409468,29619900.0,5.70928790439801,0.1145564733966431
611.92,614.82,610.05,612.53,4507600.0,0.0,1.0,306.90739372310276,308.361883593996,305.9694985304923,307.21333814422167,4507600.0,5.727542418769185,0.018254514371175645
617.07,619.0,612.99,613.7,4552000.0,0.0,1.0,309.4903671145167,310.45835520100763,307.44405033063924,307.80014957489243,4552000.0,5.72945070735298,0.0019082885837944374
623.18,625.49,621.11,625.08,3527800.0,0.0,1.0,312.5548268080193,313.7134032224205,311.5166219691403,313.5077684475701,3527800.0,5.747824139503028,0.018373432150048608
613.99,616.9,601.2093,603.29,6779200.0,0.0,1.0,307.94559856198174,309.4051039151884,301.5354610816626,302.57903248661694,6779200.0,5.71234250776586,-0.03548163173716823
597.0,597.89,590.34,590.83,4590400.0,0.0,1.0,299.42429411147265,299.87067203736746,296.08398289073165,296.32974152408946,4590400.0,5.691472825931244,-0.020869681834615683
590.46,592.98,587.0,590.0,2619500.0,0.0,1.0,296.14416867849275,297.40807022147584,294.4088117980477,295.91345649207517,2619500.0,5.690067034857693,-0.0014057910735516543
569.45,576.48,568.0,573.0,5257100.0,0.0,1.0,285.6066403379868,289.13252440432456,284.8793954025401,287.38713655925267,5257100.0,5.660830214672668,-0.029236820185024825
593.14,593.99,590.29,592.21,3405900.0,0.0,1.0,297.4883179384906,297.91463393513175,296.0589054791645,297.0218780833421,3405900.0,5.693805799669947,0.03297558499727948
591.0,592.56,587.67,590.8,6168000.0,0.0,1.0,296.41500472341767,297.1974199643119,294.7448491130471,296.3146950771491,6168000.0,5.691422048615152,-0.002383751054795269
605.34,606.0,602.03,604.23,2219300.0,0.0,1.0,303.6072063608691,303.9382281935552,301.9470817151254,303.0504878240789,2219300.0,5.713899418110827,0.022477369495675248
596.74,598.42,592.03,593.97,3075500.0,0.0,1.0,299.2938915713236,300.13649259997896,296.9315994017004,297.90460297050487,3075500.0,5.696773310994645,-0.017126107116182787
615.91,618.25,610.13,616.44,4198100.0,0.0,1.0,308.90857116615933,310.0821940275008,306.0096223889997,309.1743917287709,4198100.0,5.733905492225105,0.03713218123046058
617.4,624.27,617.08,624.18,4726400.0,0.0,1.0,309.65587803085964,313.1015143801826,309.4953825968301,313.0563750393618,4726400.0,5.746383286268786,0.0124777940436811
639.58,641.73,611.36,611.83,17790900.0,0.0,1.0,320.78021780203636,321.8585464994227,306.62652671355096,306.86225438228195,17790900.0,5.726398964105083,-0.019984322163702828
619.07,620.36,599.76,600.99,8453700.0,0.0,1.0,310.4934635772017,311.1404607956335,300.80856722997794,301.4254715545292,8453700.0,5.708522793419599,-0.017876170685484638
610.15,611.442,606.61,610.98,3098400.0,0.0,1.0,306.0196533536265,306.66765366852104,304.2441726146741,306.43593838564084,3098400.0,5.725008723369557,0.016485929949958233
613.79,625.0,613.0,624.5,5174600.0,0.0,1.0,307.84528891571324,313.4676445890627,307.44906581295265,313.2168704733914,5174600.0,5.74689582752356,0.02188710415400319
626.0,631.18,624.18,630.08,6429300.0,0.0,1.0,313.96919282040517,316.5672126587593,313.0563750393618,316.0155096042826,6429300.0,5.755791293408689,0.008895465885128573
611.86,614.72,609.5,610.04,3860900.0,0.0,1.0,306.87730082922224,308.31172877086175,305.6936470032539,305.96448304817886,3860900.0,5.723469026745911,-0.03232226666277782
608.33,608.98,600.2,600.62,6015900.0,0.0,1.0,305.1068355725832,305.43284192295584,301.0292484517687,301.2398987089325,6015900.0,5.707906952986024,-0.015562073759887163
578.22,580.0,573.33,576.71,6057900.0,0.0,1.0,290.00521832686053,290.89797417865014,287.5526474755957,289.24788049753334,6057900.0,5.667284038467106,-0.04062291451891742
564.64,567.99,559.74,561.06,6590600.0,0.0,1.0,283.19419334522934,284.8743799202267,280.7366070116511,281.39865067702317,6590600.0,5.639772349633338,-0.02751168883376831
586.88,586.91,579.24,579.74,5711000.0,0.0,1.0,294.3486260102865,294.3636724572268,290.51679752282985,290.7675716385011,5711000.0,5.672524225130663,0.03275187549732461
588.76,595.19,588.76,591.8,5221100.0,0.0,1.0,295.2915366852105,298.51649181274274,295.2915366852105,296.8162433084916,5221100.0,5.693113237924037,0.02058901279337455
584.8864,584.89,578.06,578.16,3799700.0,0.0,1.0,293.34873945628215,293.350545029915,289.9249706098457,289.97512543297995,3799700.0,5.669795144932653,-0.0233180929913841
545.29,545.75,530.06,530.7,28059300.0,0.0,1.0,273.48923506875195,273.71994725516953,265.85065550540565,266.1716463734649,28059300.0,5.584141387791777,-0.08565375714087597
527.49,528.28,522.39,525.1,4935200.0,0.0,1.0,264.56167655085545,264.95789965361604,262.0037805710087,263.36297627794687,4935200.0,5.5735332186017414,-0.01060816919003571
540.0,544.1,538.51,544.1,8448500.0,0.0,1.0,270.83604492495016,272.8923926734544,270.0887380602498,272.8923926734544,8448500.0,5.609077551449808,0.03554433284806624
538.15,541.46,535.18,535.3,4108000.0,0.0,1.0,269.9081806969665,271.56830534271023,268.41858244987924,268.4787682376404,4108000.0,5.592771835357263,-0.016305716092544387
534.61,535.92,529.05,529.55,4213100.0,0.0,1.0,268.1326999580141,268.7897281410727,265.34409179174975,265.59486590742097,4213100.0,5.581972087247606,-0.010799748109657337
531.8,531.99,523.13,524.03,4630300.0,0.0,1.0,266.7233494279416,266.8186435918967,262.37492626220217,262.8263196704104,4630300.0,5.571493432548539,-0.010478654699067391
518.48,521.79,516.3,520.9,3488100.0,0.0,1.0,260.04272698645957,261.7028516322032,258.94935184213284,261.2564737063084,3488100.0,5.565502582709073,-0.005990849839465184
522.0,527.6,521.5,523.08,3493500.0,0.0,1.0,261.80817676078516,264.61684685630314,261.5574026451139,262.34984885063506,3493500.0,5.5696789139962295,0.00417633128715611
514.08,516.69,509.29,509.505,4874900.0,0.0,1.0,257.8359147685525,259.1449556523565,255.43349874042198,255.5413316101606,4874900.0,5.543384164115244,-0.02629474988098579
506.18,506.69,484.8,485.02,10480300.0,0.0,1.0,253.87368374094677,254.12947333893146,243.15058255484414,243.26092316573946,10480300.0,5.494134625158587,-0.049249538956656735
480.68,480.75,473.02,474.88,7603500.0,0.0,1.0,241.08420384171302,241.119312217907,237.24234438962947,238.1752240999265,7603500.0,5.473006638496889,-0.021127986661698017
506.74,521.18,506.38,521.028,7266100.0,0.0,1.0,254.1545507504986,261.3969072110843,253.97399338721527,261.3206718799202,7266100.0,5.565748281069506,0.09274164257261663
532.95,537.65,527.27,531.99,9530800.0,0.0,1.0,267.3001298939855,269.6574065812953,264.45133593996013,266.8186435918967,9530800.0,5.586569190130425,0.02082090906091949
597.5,600.25,588.1601,597.62,27436700.0,0.0,1.0,299.6750682271439,301.0543258633358,294.99065790122813,299.735254014905,27436700.0,5.7028995984186635,0.11633040828823837
605.39,619.5,604.27,618.23,7049300.0,0.0,1.0,303.6322837724362,310.7091293166789,303.0705497533326,310.0721630628739,7049300.0,5.7368050544629705,0.03390545604430706
604.23,614.96,603.69,603.69,8266500.0,0.0,1.0,303.0504878240789,308.432100346384,302.779651779154,302.779651779154,8266500.0,5.713005319104314,-0.023799735358656093
582.545,590.0,562.0,579.04,11846300.0,0.0,1.0,292.1744144274168,295.91345649207517,281.87010601448515,290.41648787656135,11846300.0,5.67131605777336,-0.041689261330954075
569.5,570.5,560.4,563.77,6302200.0,0.0,1.0,285.6317177495539,286.1332659808964,281.06762884433715,282.75784638396135,6302200.0,5.644590864863935,-0.02672519290942521
499.34,514.87,490.86,490.92,10809100.0,0.0,1.0,250.44309383856407,258.2321378713131,246.1899648367797,246.22005773066024,10809100.0,5.506225679687235,-0.13836518517670005
519.99,530.454,513.14,526.86,7185400.0,0.0,1.0,260.8000648157867,266.0482655085546,257.36445943109055,264.2457011651097,7185400.0,5.576879356557887,0.07065367687065205
524.47,527.9197,520.73,524.84,4797500.0,0.0,1.0,263.04700089220114,264.7771918258633,261.1712105069802,263.23257373779785,4797500.0,5.573037952195443,-0.0038414043624444005
531.4,534.65,521.19,524.85,6531000.0,0.0,1.0,266.52273013540463,268.15276188726773,261.40192269339775,263.23758922011126,6531000.0,5.573057005439734,1.9053244291633575e-05
544.8,546.84,543.14,546.68,7061500.0,0.0,1.0,273.24347643539414,274.26663482733284,272.41090637136557,274.18638711031804,7061500.0,5.613808120054528,0.040751114614793416
516.56,526.42,514.5,525.51,5549000.0,0.0,1.0,259.0797543822819,264.02501994331897,258.0465650257164,263.5686110527973,5549000.0,5.574313717589593,-0.03949440246493463
520.21,524.0,514.38,515.04,5441700.0,0.0,1.0,260.9104054266821,262.81127322347015,257.9863792379553,258.3174010706413,5441700.0,5.554189065508426,-0.02012465208116687
516.83,520.5,510.3,515.12,5706000.0,0.0,1.0,259.2151724047444,261.0558544137714,255.9400624540779,258.3575249291487,5706000.0,5.554344381187856,0.00015531567942961289
599.47,599.6,587.57,591.68,17042700.0,0.0,1.0,300.66311824288863,300.7283195129632,294.6946942899129,296.7560575207305,17042700.0,5.692910446156688,0.13856606496883206
589.51,592.75,586.7,590.49,6775200.0,0.0,1.0,295.6676978587173,297.29271412826705,294.2583473286449,296.159215125433,6775200.0,5.690897198650934,-0.0020132475057543786
594.52,602.3,594.25,600.14,5010900.0,0.0,1.0,298.18045449774326,302.0824997375879,298.04503647528077,300.9991555578881,5010900.0,5.7071074592894195,0.016210260638485963
593.5,599.74,592.43,596.14,5663900.0,0.0,1.0,297.6688753017739,300.7985362653511,297.1322186942374,298.9929626325181,5663900.0,5.700420036767609,-0.00668742252181076
601.3,612.09,598.6,608.35,7946000.0,0.0,1.0,301.5809515062454,306.992656922431,300.22677128162064,305.11686653721006,7946000.0,5.720694872191386,0.02027483542377695
602.0,604.5,593.75,594.88,6568800.0,0.0,1.0,301.93203526818513,303.1859058465414,297.79426235960955,298.36101186102655,6568800.0,5.698304202491007,-0.022390669700378396
565.19,574.27,561.33,563.0,3121600.0,0.0,1.0,283.4700448724677,288.0241028130576,281.5340686994857,282.37165424582764,3121600.0,5.643224126097619,-0.055080076393388744
617.05,624.0,616.26,620.36,8163200.0,0.0,1.0,309.48033614988975,312.9660963577202,309.0841130471292,311.1404607956335,8163200.0,5.74024445264918,0.09702032655156145
618.0,629.13,617.01,627.42,5526800.0,0.0,1.0,309.95680696966514,315.53903878450717,309.4602742206361,314.6813913089115,5526800.0,5.75156067079648,0.011316218147300106
624.32,629.32,621.47,625.96,8909600.0,0.0,1.0,313.1265917917498,315.6343329484623,311.6971793324237,313.94913089115147,8909600.0,5.749230969252899,-0.002329701543581031
632.0,634.68,630.56,633.14,2904400.0,0.0,1.0,316.97848220846015,318.32263146845804,316.25625275532695,317.5502471921906,2904400.0,5.760636064684173,0.011405095431274326
642.02,646.76,642.02,645.9,3561000.0,0.0,1.0,322.003995486512,324.38133410307546,322.003995486512,323.9500026241209,3561000.0,5.780589190996355,0.01995312631218127
659.15,660.0,649.79,650.02,5380400.0,0.0,1.0,330.595516689409,331.0218326860502,325.90102524404324,326.016381337252,5380400.0,5.786947629605017,0.0063584386086619205
626.26,626.95,621.06,624.99,4609900.0,0.0,1.0,314.0995953605542,314.44566364018056,311.4915445575732,313.46262910674926,4609900.0,5.747680147566328,-0.039267482038688684
590.53,591.0,581.7,585.99,21131400.0,0.0,1.0,296.1792770546867,296.41500472341767,291.7506061719324,293.9022480843917,21131400.0,5.683247222542918,-0.06443292502340991
570.78,580.32,569.33,579.98,7227700.0,0.0,1.0,286.2736994856723,291.0584696126798,285.5464545502257,290.8879432140233,7227700.0,5.672938118145228,-0.01030910439768995
590.66,597.07,588.05,596.33,6330600.0,0.0,1.0,296.2444783247612,299.45940248766664,294.93543744095723,299.0882567964732,6330600.0,5.700738703067991,0.027800584922762717
607.88,608.13,604.0,605.91,4645700.0,0.0,1.0,304.88113886847907,305.0065259263147,302.9351317308702,303.8930888527343,4645700.0,5.716675958146334,0.015937255078343426
604.97,607.63,602.4,604.64,4893300.0,0.0,1.0,303.4216335152724,304.7557518106434,302.13265456072213,303.2561225989293,4893300.0,5.7145777375591065,-0.0020982205872277504
607.35,611.65,605.51,609.9,3867300.0,0.0,1.0,304.61531830586756,306.77197570064027,303.6924695601973,305.8942662957909,3867300.0,5.723239507260338,0.00866176970123167
622.0,624.0,620.32,621.25,3143400.0,0.0,1.0,311.9629998950352,312.9660963577202,311.1203988663798,311.5868387215283,3143400.0,5.741678075368767,0.018438568108428477
607.95,611.9,600.0,600.25,5335800.0,0.0,1.0,304.91624724467306,306.8973627584759,300.92893880550014,301.0543258633358,5335800.0,5.70729073305929,-0.03438734230947649
620.89,625.908,620.05,625.04,6094800.0,0.0,1.0,311.406281358245,313.9230503831217,310.98498084391724,313.4877065183164,6094800.0,5.747760145646417,0.040469412587126996
646.6,648.5,640.9,642.59,3876500.0,0.0,1.0,324.30108638606066,325.25402802561143,321.4422614674084,322.28987797837726,3876500.0,5.775451382738333,0.027691237091915788
651.75,653.49,641.0,641.24,4616700.0,0.0,1.0,326.88405977747453,327.7567537000105,321.4924162905427,321.6127878660649,4616700.0,5.773348299779401,-0.0021030829589321343
632.24,636.43,628.57,632.32,4632700.0,0.0,1.0,317.09885378398235,319.2003408733074,315.25817177495543,317.1389776424898,4632700.0,5.759340093077376,-0.01400820670202485
647.55,648.99,623.54,624.6,16302200.0,0.0,1.0,324.77755720583605,325.49978665896924,312.7353841713026,313.2670252965257,16302200.0,5.747055942806906,-0.012284150270470029
604.25,608.85,595.83,596.06,6110600.0,0.0,1.0,303.0605187887058,305.3676406528813,298.83748268080194,298.9528387740107,6110600.0,5.700285831097218,-0.046770111709688145
615.02,616.74,610.6,614.98,3269500.0,0.0,1.0,308.4621932402645,309.3248561981736,306.24535005773066,308.4421313110108,3269500.0,5.731534244910446,0.03124841381322785
605.92,607.8885,596.81,596.97,4410300.0,0.0,1.0,303.8981043350477,304.88540202844547,299.32899994751756,299.4092476645324,4410300.0,5.701811358831612,-0.029722886078833888
610.35,614.55,604.77,605.23,4194600.0,0.0,1.0,306.11996299989505,308.22646557153354,303.3213238690039,303.55203605542147,4194600.0,5.715553049033511,0.013741690201899637
625.1,632.42,596.7,600.4,11935000.0,0.0,1.0,313.51779941219695,317.18913246562397,299.2738296420699,301.12955809803714,11935000.0,5.707540597717235,-0.008012451316276703
601.0,601.73,588.28,591.53,7156600.0,0.0,1.0,301.43048703684264,301.7966172457227,295.050793534166,296.6808252860292,7156600.0,5.692656898602486,-0.014883699114748516
571.79,572.65,568.35,570.98,6109600.0,0.0,1.0,286.7802631993282,287.2115946782828,285.05493728351,286.3740091319408,6109600.0,5.657298680730801,-0.035358217871684694
575.85,581.0,574.58,580.45,2817900.0,0.0,1.0,288.81654901857877,291.39952240999264,288.17958276477384,291.1236708827543,2817900.0,5.673748162741973,0.016449482011171135
560.34,564.52,557.09,564.51,5996300.0,0.0,1.0,281.03753595045663,283.13400755746824,279.4075041985935,283.1289920751548,5996300.0,5.645902596182591,-0.02784556655938175
568.0,571.48,565.82,571.48,4451300.0,0.0,1.0,284.8793954025401,286.6247832476121,283.7860202582135,286.6247832476121,4451300.0,5.658173984954885,0.0122713887722945
574.96,580.13,572.2,580.07,5033900.0,0.0,1.0,288.37017109268396,290.96317544872466,286.98589797417867,290.93308255484413,5033900.0,5.673093283871155,0.014919298916269419
592.45,593.52,582.82,585.98,4319200.0,0.0,1.0,297.14224965886433,297.67890626640076,292.312340191036,293.8972326020783,4319200.0,5.683230157259676,0.01013687338852165
572.15,579.1482,568.55,576.52,3948000.0,0.0,1.0,286.9608205626115,290.4707553951926,285.1552469297785,289.15258633357826,3948000.0,5.66695452917283,-0.016275628086846794
608.76,612.94,598.18,610.82,12914400.0,0.0,1.0,305.32250131206047,307.41897291907213,300.01612102445677,306.35569066862604,12914400.0,5.724746814708705,0.05779228553587501
618.89,635.0,617.5,634.96,7092300.0,0.0,1.0,310.40318489556,318.48312690248764,309.7060328539939,318.463064973234,7092300.0,5.763506502740548,0.03875968803184371
640.0,643.72,636.14,641.33,3790400.0,0.0,1.0,320.9908680592002,322.85662747979427,319.0548918862181,321.6579272068857,3790400.0,5.773488642996766,0.009982140256217242
638.59,642.24,636.13,642.0,2866300.0,0.0,1.0,320.2836850530073,322.1143360974074,319.0498764039047,321.9939645218852,2866300.0,5.774532801647889,0.0010441586511236167
674.12,677.25,671.7,677.14,4351000.0,0.0,1.0,338.1036937126063,339.6735396767083,336.8899469927575,339.6183693712606,4351000.0,5.827822544173552,0.05328974252566265
675.6,680.45,674.08,678.63,2850300.0,0.0,1.0,338.8459850949932,341.27849401700433,338.0836317833526,340.36567623596096,2850300.0,5.830020557995781,0.0021980138222295054
684.0,688.58,680.04,685.09,4249900.0,0.0,1.0,343.05899023827016,345.3560811378189,341.07285924215387,343.6056778104335,4249900.0,5.83949471445097,0.009474156455188343
700.0,712.25,697.67,706.15,6459500.0,0.0,1.0,351.08376193975016,357.2277277736958,349.91515456072216,354.16828356250653,6459500.0,5.869772177473001,0.03027746302203127
709.6,713.0,707.01,709.68,5231700.0,0.0,1.0,355.8986249606382,357.6038889472027,354.5996150414611,355.9387488191456,5231700.0,5.874758662170259,0.004986484697258042
732.21,734.92,730.12,733.99,12705400.0,0.0,1.0,367.23863047129214,368.59782617823026,366.1903946677863,368.13138632308176,12705400.0,5.908439902501435,0.03368124033117592
754.15,759.3,751.15,754.5,5561400.0,0.0,1.0,378.24259866694655,380.8255720583604,376.73795397291906,378.41814054791644,5561400.0,5.935999776165832,0.02755987366439694
770.71,774.38,765.005,767.65,5466300.0,0.0,1.0,386.5482373779784,388.38891938700533,383.6869047181694,385.01349979007034,5466300.0,5.953278398062836,0.017278621897004243
751.85,754.87,744.1,744.75,4803500.0,0.0,1.0,377.08903773485883,378.60371339351315,373.20203894195447,373.5280452923271,4803500.0,5.922993089551319,-0.030285308511516895
705.58,706.7,672.0,681.79,22941400.0,0.0,1.0,353.8824010706414,354.444135089745,337.0404114621602,341.95056864700325,22941400.0,5.83466619049638,-0.08832689905493929
676.5,683.03,671.2,675.15,3897600.0,0.0,1.0,339.2973785032014,342.57248845386795,336.6391728770862,338.620288390889,3897600.0,5.824879386364979,-0.00978680413140065
694.79,695.55,687.37,687.918,4644100.0,0.0,1.0,348.4706956544557,348.851872310276,344.7492077778944,345.0240562086701,4644100.0,5.843614142741539,0.018734756376559858
654.65,668.34,650.3,663.03,6221900.0,0.0,1.0,328.3385496483678,335.2047449354466,326.15681484202787,332.54152382701795,6221900.0,5.806764735988869,-0.0368494067526699
645.99,653.015,636.0,647.18,6869500.0,0.0,1.0,323.99514196494175,327.5185182901228,318.9846751338302,324.5919843602393,6869500.0,5.7825689608761435,-0.024195775112725748
669.97,670.0,666.1,667.97,1843100.0,0.0,1.0,336.0222685525349,336.0373149994752,334.08127689723943,335.0191720898499,1843100.0,5.8141877603064405,0.031618799430296995
691.31,699.22,685.69,698.37,6320800.0,0.0,1.0,346.7253078093838,350.69255431930304,343.906606749239,350.26623832266193,6320800.0,5.858693546234253,0.044505785927812624
695.0,696.88,682.419,684.21,3834700.0,0.0,1.0,348.5760207830377,349.51893145796157,342.2660424845177,343.1643153668521,3834700.0,5.838209386004096,-0.020484160230156867
699.17,707.82,698.43,701.9632,4255900.0,0.0,1.0,350.6674769077359,355.0058691088486,350.29633121654246,352.0684014275218,4255900.0,5.863825478957255,0.025616092953158365
713.97,718.819,710.52,715.63,7044900.0,0.0,1.0,358.09039073160494,360.5223981053847,356.3600493334733,358.92296079563346,7044900.0,5.883107771575688,0.01928229261843306
701.69,706.91,700.01,700.01,2801100.0,0.0,1.0,351.931378450719,354.54946021832683,351.08877742206363,351.08877742206363,2801100.0,5.861039118613578,-0.022068652962109248
729.34,741.47,727.6801,737.97,5521400.0,0.0,1.0,365.79918704733916,371.8829670935237,364.96666713813374,370.1275482838249,5521400.0,5.913847671325646,0.05280855271206786
742.0,742.4264,736.3,739.99,2567800.0,0.0,1.0,372.1487876561352,372.36264782197964,369.28996273748294,371.1406757111368,2567800.0,5.916581170551321,0.002733499225675118
709.43,712.77,701.33,704.51,6447100.0,0.0,1.0,355.8133617613099,357.4885328539939,351.7508210874357,353.34574446310484,6447100.0,5.867447023660081,-0.04913414689124007
750.77,758.48,750.25,753.67,4447300.0,0.0,1.0,376.54736564500894,380.4143025086596,376.28656056471084,378.00185551590215,4447300.0,5.934899104379768,0.06745208071968634
758.2,776.6,758.1,775.6,7484700.0,0.0,1.0,380.2738690038837,389.5023564605857,380.2237141807495,389.0008082292432,7484700.0,5.963581421326425,0.028682316946657238
780.13,786.67,779.56,785.37,6034100.0,0.0,1.0,391.2728217172247,394.55294715020466,390.9869392253595,393.90093444945944,6034100.0,5.976099442275289,0.012518020948864006
787.4,793.26,787.07,792.89,5454100.0,0.0,1.0,394.91907735908467,397.8581499947517,394.7535664427417,397.672577149155,5454100.0,5.985628996225864,0.009529553950574865
799.26,801.25,793.8,799.71,4103600.0,0.0,1.0,400.86743938280677,401.86552036317835,398.1289860396767,401.0931360869109,4103600.0,5.9941936599068475,0.008564663680983742
797.8,807.14,796.15,806.19,4346400.0,0.0,1.0,400.1351789650467,404.81963944578564,399.3076243833316,404.3431686260103,4346400.0,6.002263944694057,0.008070284787209836
834.5,834.9199,825.05,831.52,5817900.0,0.0,1.0,418.54199905531647,418.7525991576572,413.80236826912983,417.0473853259158,5817900.0,6.033199849218059,0.030935904524001856
818.5,820.3,813.34,814.302,6193200.0,0.0,1.0,410.51722735383646,411.42001417025295,407.9292384801092,408.41172787866066,6193200.0,6.0122758025252585,-0.02092404669280068
814.74,815.24,809.64,810.31,2973400.0,0.0,1.0,408.6314060039887,408.8821801196599,406.0735100241419,406.40954733914134,2973400.0,6.007361388456688,-0.004914414068570849
803.99,805.37,793.3,794.188,4571000.0,0.0,1.0,403.2397625170568,403.93189907630943,397.8782119240054,398.3235867534376,4571000.0,5.987264706996733,-0.0200966814599548
786.06,786.99,776.4,783.05,6860900.0,0.0,1.0,394.24700272908575,394.71344258423426,389.4020468143172,392.7373425527448,6860900.0,5.973141048870371,-0.01412365812636196
791.99,792.102,782.93,790.05,3270100.0,0.0,1.0,397.2211837409468,397.2773571428571,392.6771567649837,396.2481801721423,3270100.0,5.982040732555436,0.00889968368506544
769.16,803.44,766.26,799.87,11594700.0,0.0,1.0,385.77083761939747,402.96391098981843,384.31634774850426,401.1733838039257,11594700.0,5.994393712421299,0.012352979865863034
807.6,807.74,796.58,801.42,4970400.0,0.0,1.0,405.0503516322032,405.12056838459114,399.5232901228089,401.95078356250656,4970400.0,5.996329652174997,0.0019359397536975465
836.96,846.8,836.0,845.72,5020100.0,0.0,1.0,419.77580770441904,424.7110423008292,419.29432140233024,424.1693702109793,5020100.0,6.050132833514596,0.053803181339598716
875.31,880.54,872.16,880.23,3791600.0,0.0,1.0,439.01018237640386,441.63327962632513,437.43030544767504,441.477799674609,3791600.0,6.090127734917019,0.03999490140242301
910.02,913.489,900.52,909.18,5578400.0,0.0,1.0,456.41892148630205,458.15879230082925,451.6542132885483,455.99762097197436,5578400.0,6.122487592334053,0.03235985741703473
875.26,878.82,871.01,873.32,4589000.0,0.0,1.0,438.98510496483675,440.7706166684161,436.85352498163115,438.01210139603234,4589000.0,6.082246538752844,-0.04024105358120966
868.12,877.0,867.52,871.218,3934800.0,0.0,1.0,435.40405059305135,439.8577988873727,435.1031216542458,436.9578470137504,3934800.0,6.079836730520265,-0.0024098082325787473
870.42,880.0,865.32,879.73,5343800.0,0.0,1.0,436.55761152513907,441.3624435814002,433.99971554529236,441.2270255589378,5343800.0,6.0895595401700335,0.009722809649768571
880.1,884.7,874.13,875.04,4485500.0,0.0,1.0,441.4125984045345,443.71972026871,438.41835546341974,438.87476435394143,4485500.0,6.084214097556391,-0.005345442613642781
888.34,889.88,873.07,880.93,7956600.0,0.0,1.0,445.5453558307967,446.31774010706414,437.8867143381967,441.8288834365487,7956600.0,6.090922665572792,0.006708568016401628
874.9,881.84,874.191,880.37,4693900.0,0.0,1.0,438.80454760155345,442.28529232707047,438.44894990553166,441.548016426997,4693900.0,6.0902867716093905,-0.0006358939634019123
890.01,895.41,887.34,893.49,3400300.0,0.0,1.0,446.38294137713865,449.09130182638813,445.0438075994542,448.12832922221054,3400300.0,6.105079640552979,0.014792868943588111
920.0,923.0,915.24,923.0,5131200.0,0.0,1.0,461.42437283510026,462.92901752912775,459.0370032539099,462.92901752912775,5131200.0,6.13757373246078,0.03249409190780117
886.61,902.95,875.61,896.598,14703800.0,0.0,1.0,444.67767739057416,452.87297549071064,439.16064684580664,449.68714112522304,14703800.0,6.10855209902766,-0.029021633433119476
886.99,889.99,882.0,885.35,3551800.0,0.0,1.0,444.86826571848434,446.3729104125118,442.3655400440852,444.04572661908264,3551800.0,6.095927545010154,-0.012624554017506284
903.44,907.0,900.82,906.57,3424300.0,0.0,1.0,453.11873412406845,454.90424582764774,451.8046777579511,454.6885800881705,3424300.0,6.119612745248737,0.023685200238583448
890.56,895.52,890.0,890.41,2644700.0,0.0,1.0,446.658792904377,449.1464721318358,446.37792589482524,446.58356066967565,2644700.0,6.101626528763654,-0.017986216485083695
861.28,862.44,856.54,856.908,3346800.0,0.0,1.0,431.9734606906686,432.55525663902597,429.59612207410515,429.78069182323924,3346800.0,6.063275059567949,-0.03835146919570498
877.83,878.0,869.75,870.21,2152000.0,0.0,1.0,440.274083919387,440.3593471187152,436.2215742101396,436.45228639655716,2152000.0,6.078679059789604,0.01540400022165489
855.76,858.04,845.56,846.9,3719400.0,0.0,1.0,429.20491445365803,430.3484444211189,424.0891224939645,424.7611971239635,3719400.0,6.051527121885481,-0.027151937904122292
882.44,883.78,873.74,879.58,3120000.0,0.0,1.0,442.58622126587596,443.2582958958749,438.22275165319616,441.1517933242364,3120000.0,6.089389018772027,0.03786189688654584
894.5,895.68,884.84,889.068,2648100.0,0.0,1.0,448.6348929358665,449.2267198488506,443.78993702109796,445.910482943214,2648100.0,6.100118220985284,0.01072920221325635
898.39,904.13,895.62,903.11,8681900.0,0.0,1.0,450.5859155557888,453.46480240369476,449.1966269549701,452.95322320772544,8681900.0,6.115788860124254,0.015670639138970266
874.82,877.52,871.31,876.39,2515000.0,0.0,1.0,438.7644237430461,440.1186039676708,437.0039894510339,439.5518544662538,2515000.0,6.085755695299216,-0.030033164825037595
875.0,877.5099,870.0,872.35,2713200.0,0.0,1.0,438.85470242468773,440.11353833053425,436.34696126797525,437.5255996116301,2713200.0,6.081135217483839,-0.004620477815377555
866.03,873.48,865.3,871.99,2814900.0,0.0,1.0,434.3558147895455,438.09234911304713,433.9896845806654,437.34504224834683,2814900.0,6.0807224539112426,-0.00041276357259611984
976.58,1015.46,974.0,1011.41,23109600.0,0.0,1.0,489.8019717644589,509.3021669990553,488.50797732759526,507.27089666211816,23109600.0,6.229045173839883,0.14832271992864055
1028.82,1028.82,1010.74,1015.2,4056900.0,0.0,1.0,516.0028513697911,516.0028513697911,506.93485934711873,509.1717644589063,4056900.0,6.232785414358106,0.0037402405182227483
1031.79,1036.0,1025.1,1027.04,2564000.0,0.0,1.0,517.4924496168783,519.6039676708302,514.1370919491969,515.1100955180015,2564000.0,6.244380655521396,0.011595241163290027
1008.75,1018.5,1008.5,1016.03,2579000.0,0.0,1.0,505.93677836674715,510.8268736223365,505.81139130891154,509.5880494909205,2579000.0,6.233602653219481,-0.01077800230191528
1034.87,1038.0,1030.31,1033.56,2550000.0,0.0,1.0,519.0372181694132,520.6070641335152,516.7501582344914,518.3801899863546,2550000.0,6.2507089305470105,0.017106277327529895
1033.42,1036.17,1029.22,1031.89,2505800.0,0.0,1.0,518.3099732339666,519.6892308701586,516.2034706623282,517.5426044400126,2505800.0,6.249091849171123,-0.0016170813758877856
1062.16,1066.62,1059.45,1059.59,2383200.0,0.0,1.0,532.7244694027502,534.9613745145376,531.3652736958119,531.4354904481999,2383200.0,6.275581817787715,0.02648996861659203
1069.79,1070.0,1060.08,1069.87,2854700.0,0.0,1.0,536.5512824078934,536.6566075364752,531.6812490815577,536.5914062664007,2854700.0,6.2852369227056215,0.009655104917906776
1075.4,1076.29,1057.88,1060.79,4320400.0,0.0,1.0,539.3649679857248,539.8113459116196,530.5778429726042,532.0373483258109,4320400.0,6.276713690497431,-0.008523232208190734
1088.3,1101.17,1088.0,1100.62,6516600.0,0.0,1.0,545.834940170043,552.289865907421,545.6844757006403,552.0140143801826,6516600.0,6.313573434324712,0.0368597438272813
1120.0,1120.28,1112.94,1118.4,3136200.0,0.0,1.0,561.7340191036003,561.8744526083761,558.1930885903223,560.9315419334523,3136200.0,6.329598869437474,0.016025435112761777
1115.0,1116.93,1104.93,1105.0,3330000.0,0.0,1.0,559.2262779468878,560.1942660333789,554.1756872572688,554.2107956334628,3330000.0,6.317545111909781,-0.012053757527692888
1139.08,1139.08,1122.25,1130.18,4282700.0,0.0,1.0,571.3035593576152,571.3035593576152,562.8625026241209,566.839780098667,4282700.0,6.340076689014083,0.02253157710430198
1156.85,1160.63,1144.2,1150.53,5397100.0,0.0,1.0,580.2160714285714,582.1119237430461,573.8714863020888,577.0462866064868,5397100.0,6.357922482712682,0.017845793698598733
1151.01,1153.54,1123.0,1123.83,7777200.0,0.0,1.0,577.2870297575312,578.5559467828277,563.2386637976277,563.6549488296421,7777200.0,6.334442271421201,-0.02348021129148048
1171.35,1186.54,1151.13,1180.97,11121400.0,0.0,1.0,587.4885207830376,595.1070384171303,577.3472155452923,592.3134147685525,11121400.0,6.384035911631124,0.04959364020992307
1167.63,1177.9,1160.56,1177.44,5267100.0,0.0,1.0,585.6227613624436,590.7736616983311,582.0768153668521,590.5429495119135,5267100.0,6.381042367136216,-0.0029935444949078516
1195.61,1204.39,1192.8,1202.8,4369000.0,0.0,1.0,599.6560808754067,604.059674346594,598.2467303453343,603.2622126587593,4369000.0,6.402351949072302,0.021309581936085564
1207.81,1209.87,1202.84,1203.79,3720800.0,0.0,1.0,605.7749692977852,606.8081586543508,603.282274588013,603.7587454077884,3720800.0,6.403174690009349,0.0008227409370471506
1220.34,1224.19,1206.22,1215.65,4622500.0,0.0,1.0,612.0593686365067,613.9903293271755,604.9775076099506,609.7071074315105,4622500.0,6.41297869010597,0.009804000096621301
1226.8,1226.99,1211.44,1214.79,3027100.0,0.0,1.0,615.2993702109793,615.3946643749345,607.5955893775586,609.2757759525558,3027100.0,6.4122709992879345,-0.0007076908180358998
1181.99,1190.87,1172.53,1172.8,4583200.0,0.0,1.0,592.8249939645219,597.2787422588432,588.0803476960218,588.2157657184842,4583200.0,6.377093829090315,-0.03517717019761957
1206.31,1209.63,1182.45,1183.04,6410500.0,0.0,1.0,605.0226469507714,606.6877870788286,593.0557061509395,593.3516196074315,6410500.0,6.385787173706195,0.008693344615879894
1119.0,1133.19,1117.77,1120.15,4513200.0,0.0,1.0,561.2324708722577,568.3494402750079,560.6155665477065,561.8092513383017,4513200.0,6.331162381850866,-0.054624791855328425
578.55,579.7173,544.494,545.25,5363700.0,0.0,1.0,578.55,579.7173,544.494,545.25,5363700.0,6.301244405081738,-0.029917976769127996
537.94,547.59,533.4,537.76,3174700.0,0.0,1.0,537.94,547.59,533.4,537.76,3174700.0,6.287412363976795,-0.013832041104943293
556.32,557.0,539.4,543.34,5614700.0,0.0,1.0,556.32,557.0,539.4,543.34,5614700.0,6.297735274996073,0.01032291101927818
532.26,533.86,522.5,523.1,2370000.0,0.0,1.0,532.26,533.86,522.5,523.1,2370000.0,6.259772650376566,-0.0379626246195075
541.44,542.4,533.27,533.87,1780800.0,0.0,1.0,541.44,542.4,533.27,533.87,1780800.0,6.280152363629598,0.020379713253031895
518.65,527.35,514.28,526.62,2261200.0,0.0,1.0,518.65,527.35,514.28,526.62,2261200.0,6.266479225832081,-0.013673137797516333
529.6,530.84,523.57,528.3,1907700.0,0.0,1.0,529.6,530.84,523.57,528.3,1907700.0,6.26966430417027,0.003185078338188596
558.13,565.0,554.17,563.8,2672500.0,0.0,1.0,558.13,565.0,554.17,563.8,2672500.0,6.334699578680012,0.065035274509742
571.64,572.58,565.79,571.65,1871700.0,0.0,1.0,571.64,572.58,565.79,571.65,1871700.0,6.3485269159879785,0.01382733730796648
568.16,568.7999,559.58,566.03,1740200.0,0.0,1.0,568.16,568.7999,559.58,566.03,1740200.0,6.338647080332114,-0.009879835655864255
560.08,560.65,553.72,560.35,1353300.0,0.0,1.0,560.08,560.65,553.72,560.35,1353300.0,6.328561588498037,-0.010085491834077587
566.45,566.77,559.37,566.52,3160600.0,0.0,1.0,566.45,566.77,559.37,566.52,3160600.0,6.339512384346196,0.010950795848159167
585.45,587.88,582.62,585.69,2021300.0,0.0,1.0,585.45,587.88,582.62,585.69,2021300.0,6.372790639362821,0.03327825501662485
591.7,594.25,589.0,593.08,898900.0,0.0,1.0,591.7,594.25,589.0,593.08,898900.0,6.385329297149825,0.012538657787004581
581.0,588.23,580.575,586.65,1511600.0,0.0,1.0,581.0,588.23,580.575,586.65,1511600.0,6.374428389869633,-0.010900907280192662
603.01,606.7,590.92,605.11,4871600.0,0.0,1.0,603.01,606.7,590.92,605.11,4871600.0,6.405410259685738,0.030981869816105068
599.25,601.0,595.75,598.08,1360000.0,0.0,1.0,599.25,601.0,595.75,598.08,1360000.0,6.393724524267198,-0.011685735418539345
578.555,583.43,570.3,573.6,2213300.0,0.0,1.0,578.555,583.43,570.3,573.6,2213300.0,6.35193228928541,-0.04179223498178786
572.02,579.5639,569.02,577.94,1493300.0,0.0,1.0,572.02,579.5639,569.02,577.94,1493300.0,6.3594700570557645,0.007537767770354087
587.5,589.47,580.76,583.71,1723400.0,0.0,1.0,587.5,589.47,580.76,583.71,1723400.0,6.369404284151394,0.009934227095629744
593.27,594.99,589.8,592.54,877200.0,0.0,1.0,593.27,594.99,589.8,592.54,877200.0,6.384418381279075,0.01501409712768087
582.35,582.8999,578.24,582.36,1206100.0,0.0,1.0,582.35,582.8999,578.24,582.36,1206100.0,6.367088813205125,-0.017329568073949808
595.13,598.5,593.55,597.78,1799100.0,0.0,1.0,595.13,598.5,593.55,597.78,1799100.0,6.39322279328482,0.026133980079694474
590.39,591.48,583.28,584.9,1851500.0,0.0,1.0,590.39,591.48,583.28,584.9,1851500.0,6.37144089244898,-0.02178190083583953
599.49,605.4,597.76,605.4,4191600.0,0.0,1.0,599.49,605.4,597.76,605.4,4191600.0,6.405889396587618,0.03444850413863776
585.93,589.5739,585.0,587.9,1289090.0,0.0,1.0,585.93,589.5739,585.0,587.9,1289090.0,6.376556865408209,-0.029332531179409038
584.1,588.29,583.5,586.25,1214593.0,0.0,1.0,584.1,588.29,583.5,586.25,1214593.0,6.373746319760489,-0.0028105456477200974
567.47,575.23,555.01,555.19,2979673.0,0.0,1.0,567.47,575.23,555.01,555.19,2979673.0,6.319310397503008,-0.05443592225748084
540.45,543.45,518.41,522.97,5998740.0,0.0,1.0,540.45,543.45,518.41,522.97,5998740.0,6.259524101043024,-0.059786296459984456
554.98,555.0,545.16,548.9,2175767.0,0.0,1.0,554.98,555.0,545.16,548.9,2175767.0,6.3079162755558436,0.04839217451281996
568.3,568.73,564.81,567.87,2341539.0,0.0,1.0,568.3,568.73,564.81,567.87,2341539.0,6.341892519286238,0.033976243730394096
555.6,555.6,549.35,551.82,1589131.0,0.0,1.0,555.6,555.6,549.35,551.82,1589131.0,6.313221906142662,-0.028670613143575885
558.0,558.0,552.51,555.19,1425060.0,0.0,1.0,558.0,558.0,552.51,555.19,1425060.0,6.319310397503008,0.006088491360346282
551.04,551.04,545.0,545.89,2505988.0,0.0,1.0,551.04,551.04,545.0,545.89,2505988.0,6.3024174902466,-0.01689290725640813
547.0,549.6,544.4801,549.08,1210061.0,0.0,1.0,547.0,549.6,544.4801,549.08,1210061.0,6.308244150383459,0.005826660136858841
536.7,538.2,527.26,528.08,3070118.0,0.0,1.0,536.7,538.2,527.26,528.08,3070118.0,6.2692477873805155,-0.03899636300294329
527.44,532.24,521.46,521.51,2371543.0,0.0,1.0,527.44,532.24,521.46,521.51,2371543.0,6.256728449712398,-0.012519337668117636
516.99,520.81,508.86,520.04,4872059.0,0.0,1.0,516.99,520.81,508.86,520.04,4872059.0,6.253905731693968,-0.002822718018429704
536.93,543.25,535.49,541.52,1113464.0,0.0,1.0,536.93,543.25,535.49,541.52,1113464.0,6.294380000200352,0.040474268506383915
532.6,535.8,527.88,529.55,1327870.0,0.0,1.0,532.6,535.8,527.88,529.55,1327870.0,6.272027589289678,-0.02235241091067408
508.18,508.6,498.65,500.72,2065403.0,0.0,1.0,508.18,508.6,498.65,500.72,2065403.0,6.216047062616446,-0.055980526673232056
503.15,510.85,503.09,510.455,2482858.0,0.0,1.0,503.15,510.85,503.09,510.455,2482858.0,6.235302484845727,0.019255422229281116
538.03,545.41,535.7508,541.95,2298290.0,0.0,1.0,538.03,545.41,535.7508,541.95,2298290.0,6.295173746261759,0.05987126141603216
519.0,543.1,518.18,537.55,6055445.0,0.0,1.0,519.0,543.1,518.18,537.55,6055445.0,6.287021778931237,-0.008151967330522147
531.01,540.215,528.65,533.875,2146922.0,0.0,1.0,531.01,540.215,528.65,533.875,2146922.0,6.28016172916163,-0.006860049769606746
547.51,552.54,546.6,551.16,2369115.0,0.0,1.0,547.51,552.54,546.6,551.16,2369115.0,6.312025148125702,0.031863418964071855
547.58,547.58,538.1,541.8,1911732.0,0.0,1.0,547.58,547.58,538.1,541.8,1911732.0,6.294896929650995,-0.017128218474707246
558.15,569.42,557.03,562.63,3416445.0,0.0,1.0,558.15,569.42,557.03,562.63,3416445.0,6.332622218487628,0.03772528883663284
582.0,582.78,572.06,572.9,1879619.0,0.0,1.0,582.0,582.78,572.06,572.9,1879619.0,6.350711181414532,0.018088962926904095
559.23,564.36,550.33,553.0,1771354.0,0.0,1.0,559.23,564.36,550.33,553.0,1771354.0,6.315358001522335,-0.035353179892196884
566.71,567.1,564.48,564.95,2216038.0,0.0,1.0,566.71,567.1,564.48,564.95,2216038.0,6.336737231655255,0.021379230132920313
561.83,564.066,556.93,557.55,1727629.0,0.0,1.0,561.83,564.066,556.93,557.55,1727629.0,6.323552185411371,-0.01318504624388428
547.41,548.0,540.44,541.31,2388019.0,0.0,1.0,547.41,548.0,540.44,541.31,2388019.0,6.293992127676257,-0.02956005773511361
549.57,549.85,544.98,548.54,1305219.0,0.0,1.0,549.57,549.85,544.98,548.54,1305219.0,6.307260203218562,0.013268075542304913
537.31,539.8,529.0,532.74,2461698.0,0.0,1.0,537.31,539.8,529.0,532.74,2461698.0,6.27803350027229,-0.029226702946272276
580.05,584.7,568.35,573.66,4608403.0,0.0,1.0,580.05,584.7,568.35,573.66,4608403.0,6.3520368863254095,0.07400338605311951
550.51,551.22,543.85,551.16,1828566.0,0.0,1.0,550.51,551.22,543.85,551.16,1828566.0,6.312025148125702,-0.04001173819970738
548.87,552.8,548.03,548.95,1411264.0,0.0,1.0,548.87,552.8,548.03,548.95,1411264.0,6.308007362680741,-0.004017785444960786
550.39,550.6,542.5,546.49,1671977.0,0.0,1.0,550.39,550.6,542.5,546.49,1671977.0,6.303516009187513,-0.004491353493228267
554.46,558.24,553.62,554.52,1213288.0,0.0,1.0,554.46,558.24,553.62,554.52,1213288.0,6.318102874670175,0.01458686548266197
553.2,553.94,545.04,545.32,2172282.0,0.0,1.0,553.2,553.94,545.04,545.32,2172282.0,6.301372778317929,-0.016730096352246093
552.0,553.33,547.384,549.53,1219841.0,0.0,1.0,552.0,553.33,547.384,549.53,1219841.0,6.309063367439861,0.007690589121931879
547.15,548.85,545.63,547.47,1273383.0,0.0,1.0,547.15,548.85,545.63,547.47,1273383.0,6.305307665668834,-0.00375570177102702
556.52,557.91,552.258,557.52,2964489.0,0.0,1.0,556.52,557.91,552.258,557.52,2964489.0,6.323498377130264,0.01819071146142992
559.71,560.0,551.85,553.06,2183753.0,0.0,1.0,559.71,560.0,551.85,553.06,2183753.0,6.315466494732575,-0.008031882397689039
544.74,548.0,543.57,547.34,1406213.0,0.0,1.0,544.74,548.0,543.57,547.34,1406213.0,6.305070181538051,-0.01039631319452372
553.71,559.29,552.0,556.11,2171750.0,0.0,1.0,553.71,559.29,552.0,556.11,2171750.0,6.3209661164091075,0.01589593487105656
680.0,703.0,678.0,699.62,12858136.0,0.0,1.0,680.0,703.0,678.0,699.62,12858136.0,6.550537330500261,0.22957121409115366
676.77,677.79,653.18,654.77,4131137.0,0.0,1.0,676.77,677.79,653.18,654.77,4131137.0,6.484284028931229,-0.06625330156903253
664.7,664.9999,657.2,657.5,1746094.0,0.0,1.0,664.7,664.9999,657.2,657.5,1746094.0,6.48844476405192,0.00416073512069115
667.78,668.795,658.87,664.39,1377152.0,0.0,1.0,667.78,668.795,658.87,664.39,1377152.0,6.498869326451878,0.010424562399958148
684.04,692.26,682.9,689.37,1379855.0,0.0,1.0,684.04,692.26,682.9,689.37,1379855.0,6.535778137034955,0.0369088105830766
671.04,672.89,643.104,644.03,4593970.0,0.0,1.0,671.04,672.89,643.104,644.03,4593970.0,6.467745308870291,-0.0680328281646636
665.11,667.0,653.75,659.69,1941833.0,0.0,1.0,665.11,667.0,653.75,659.69,1941833.0,6.4917700277086,0.0240247188383087
629.7,634.5,626.5,628.96,2024990.0,0.0,1.0,629.7,634.5,626.5,628.96,2024990.0,6.44406766167355,-0.047702366035049515
650.21,655.31,647.41,655.3,1744615.0,0.0,1.0,650.21,655.31,647.41,655.3,1744615.0,6.485093146045451,0.04102548437190112
665.06,669.84,660.03,660.92,3627210.0,0.0,1.0,665.06,669.84,660.03,660.92,3627210.0,6.49363280378279,0.008539657737339112
658.58,658.58,639.655,640.15,2423992.0,0.0,1.0,658.58,658.58,639.655,640.15,2423992.0,6.461702523892188,-0.031930279890602264
638.01,658.2555,633.5,656.99,2439435.0,0.0,1.0,638.01,658.2555,633.5,656.99,2439435.0,6.487668797668622,0.0259662737764339
667.49,674.085,662.36,671.24,1606178.0,0.0,1.0,667.49,674.085,662.36,671.24,1606178.0,6.509126748132961,0.02145795046433907
695.4,696.22,689.1,695.32,1815759.0,0.0,1.0,695.4,696.22,689.1,695.32,1815759.0,6.54437217125334,0.03524542312037848
750.06,752.5,717.94,719.33,6336319.0,0.0,1.0,750.06,752.5,717.94,719.33,6336319.0,6.578320223218937,0.03394805196559769
745.56,746.31,736.53,737.39,1999161.0,0.0,1.0,745.56,746.31,736.53,737.39,1999161.0,6.603116924547256,0.02479670132831835
759.39,763.022,755.03,761.6,1677199.0,0.0,1.0,759.39,763.022,755.03,761.6,1677199.0,6.635421483477155,0.032304558929899585
754.04,755.33,739.47,740.07,2409363.0,0.0,1.0,754.04,755.33,739.47,740.07,2409363.0,6.606744776319023,-0.028676707158131975
769.3,779.318,764.1,777.0,2773944.0,0.0,1.0,769.3,779.318,764.1,777.0,2773944.0,6.655440350367647,0.048695574048624124
769.16,774.0,767.0001,771.97,722320.0,0.0,1.0,769.16,774.0,767.0001,771.97,722320.0,6.648945689166076,-0.0064946612015717164
769.71,782.42,765.51,779.21,2489998.0,0.0,1.0,769.71,782.42,765.51,779.21,2489998.0,6.658280585921539,0.009334896755463618
749.0,757.44,748.65,750.42,2159164.0,0.0,1.0,749.0,757.44,748.65,750.42,2159164.0,6.620633049788871,-0.03764753613266869
767.23,774.14,756.59,756.85,3389702.0,0.0,1.0,767.23,774.14,756.59,756.85,3389702.0,6.629165083208574,0.008532033419703211
768.52,769.2,764.39,765.84,521141.0,0.0,1.0,768.52,769.2,764.39,765.84,521141.0,6.6409732706380975,0.01180818742952372
787.82,788.33,777.32,778.01,1637561.0,0.0,1.0,787.82,788.33,777.32,778.01,1637561.0,6.656739377566224,0.015766106928126078
747.8,750.12,728.9201,730.91,2375348.0,0.0,1.0,747.8,750.12,728.9201,730.91,2375348.0,6.594290333154962,-0.06244904441126131
709.99,724.158,701.51,710.49,3833751.0,0.0,1.0,709.99,724.158,701.51,710.49,3833751.0,6.5659548728427515,-0.028335460312210792
742.0,748.56,740.5,745.46,2357315.0,0.0,1.0,742.0,748.56,740.5,745.46,2357315.0,6.614001477500375,0.04804660465762378
748.96,765.105,744.2,761.35,3790395.0,0.0,1.0,748.96,765.105,744.2,761.35,3790395.0,6.635093173286742,0.021091695786366493
725.5,726.72,700.14,703.76,5477821.0,0.0,1.0,725.5,726.72,700.14,703.76,5477821.0,6.556437388944419,-0.07865578434232301
712.21,716.0,701.58,706.89,2326889.0,0.0,1.0,712.21,716.0,701.58,706.89,2326889.0,6.560875066804392,0.004437677859972844
715.9,724.03,713.12,722.11,1745940.0,0.0,1.0,715.9,724.03,713.12,722.11,1745940.0,6.582177481858684,0.021302415054292645
733.6,736.16,721.9392,724.86,2123690.0,0.0,1.0,733.6,736.16,721.9392,724.86,2123690.0,6.585978532759528,0.0038010509008437054
734.8,735.0,725.62,730.22,2425750.0,0.0,1.0,734.8,735.0,725.62,730.22,2425750.0,6.593345858602675,0.007367325843147476
739.95,744.9,736.7,744.87,1768995.0,0.0,1.0,739.95,744.9,736.7,744.87,1768995.0,6.613209706508954,0.019863847906278487
761.63,762.14,751.82,755.41,2811518.0,0.0,1.0,761.63,762.14,751.82,755.41,2811518.0,6.627260648210327,0.014050941701372999
751.2,757.555,750.5,754.84,1555844.0,0.0,1.0,751.2,757.555,750.5,754.84,1555844.0,6.626505806260895,-0.0007548419494316505
757.16,770.04,755.2,769.67,1583698.0,0.0,1.0,757.16,770.04,755.2,769.67,1583698.0,6.645961851556176,0.019456045295280333
765.87,767.13,755.77,759.47,1171867.0,0.0,1.0,765.87,767.13,755.77,759.47,1171867.0,6.632620821584859,-0.013341029971316587
775.5,780.93,774.9301,780.0,1585584.0,0.0,1.0,775.5,780.93,774.9301,780.0,1585584.0,6.659293919683638,0.026673098098778603
743.91,753.92,730.37,737.77,7039948.0,0.0,1.0,743.91,753.92,730.37,737.77,7039948.0,6.6036321229100166,-0.05566179677362104
704.12,712.11,703.78,707.88,2913898.0,0.0,1.0,704.12,712.11,703.78,707.88,2913898.0,6.5622745878029844,-0.041357535107032106
712.2,725.99,711.95,725.18,1997628.0,0.0,1.0,712.2,725.99,711.95,725.18,1997628.0,6.586419899901392,0.024145312098407423
726.62,731.29,723.51,724.83,1262161.0,0.0,1.0,726.62,731.29,723.51,724.83,1262161.0,6.585937144600674,-0.0004827553007178409
716.46,727.7,715.01,721.71,1739895.0,0.0,1.0,716.46,727.7,715.01,721.71,1739895.0,6.581623396155157,-0.004313748445516907
737.51,747.91,737.01,747.6,1740130.0,0.0,1.0,737.51,747.91,737.01,747.6,1740130.0,6.616868075581408,0.03524467942625087
741.49,741.49,733.91,735.86,1230376.0,0.0,1.0,741.49,741.49,733.91,735.86,1230376.0,6.601039883243949,-0.015828192337458802
735.95,739.64,730.51,733.19,1452456.0,0.0,1.0,735.95,739.64,730.51,733.19,1452456.0,6.597404877029114,-0.003635006214834924
721.39,721.39,701.12,704.25,4113085.0,0.0,1.0,721.39,721.39,701.12,704.25,4113085.0,6.557133406756482,-0.040271470272632115
690.17,705.0,684.91,685.2,4771780.0,0.0,1.0,690.17,705.0,684.91,685.2,4771780.0,6.5297107664499645,-0.027422640306517643
705.1,712.53,703.73,710.25,1549160.0,0.0,1.0,705.1,712.53,703.73,710.25,1549160.0,6.565617020734297,0.03590625428433292
710.56,717.9,708.11,717.78,1497323.0,0.0,1.0,710.56,717.9,708.11,717.78,1497323.0,6.576163115410868,0.010546094676570306
741.0,741.0,734.64,735.63,1617087.0,0.0,1.0,741.0,741.0,734.64,735.63,1617087.0,6.600727274932819,0.024564159521951012
757.32,759.45,752.655,759.28,1046024.0,0.0,1.0,757.32,759.45,752.655,759.28,1046024.0,6.632370615822237,0.03164334088941789
797.71,803.94,790.0,791.34,5090527.0,0.0,1.0,797.71,803.94,790.0,791.34,5090527.0,6.673727711065848,0.04135709524361175
800.11,807.22,797.81,806.93,1807271.0,0.0,1.0,800.11,807.22,797.81,806.93,1807271.0,6.69323692349162,0.019509212425771416
805.09,807.19,803.64,807.05,897283.0,0.0,1.0,805.09,807.19,803.64,807.05,897283.0,6.693385624219289,0.00014870072766903775
799.79,801.23,796.88,799.65,1120763.0,0.0,1.0,799.79,801.23,796.88,799.65,1120763.0,6.68417413193688,-0.00921149228240914
792.49,799.4,789.4069,793.22,1248881.0,0.0,1.0,792.49,799.4,789.4069,793.22,1248881.0,6.6761006106495,-0.008073521287379926
795.27,797.1,793.26,796.87,1349896.0,0.0,1.0,795.27,797.1,793.26,796.87,1349896.0,6.680691553817303,0.004590943167802841
798.77,801.75,788.05,788.48,1887633.0,0.0,1.0,798.77,801.75,788.05,788.48,1887633.0,6.670107041465045,-0.010584512352257214
799.02,799.02,793.62,797.97,2130571.0,0.0,1.0,799.02,799.02,793.62,797.97,2130571.0,6.682071002758175,0.011963961293129266
815.14,817.0,812.73,814.96,1411673.0,0.0,1.0,815.14,817.0,812.73,814.96,1411673.0,6.703139032281811,0.02106802952363651
803.6,808.09,801.5,804.06,1660201.0,0.0,1.0,803.6,808.09,801.5,804.06,1660201.0,6.689673893260192,-0.013465139021619166
805.93,805.94,796.82,800.71,1163899.0,0.0,1.0,805.93,805.94,796.82,800.71,1163899.0,6.685498834072662,-0.004175059187529584
807.45,810.09,802.32,804.6,1111934.0,0.0,1.0,807.45,810.09,802.32,804.6,1111934.0,6.690345259515688,0.004846425443025382
820.0,824.29,818.31,824.06,1615814.0,0.0,1.0,820.0,824.29,818.31,824.06,1615814.0,6.71424334279253,0.023898083276842286
829.94,839.0,817.0,819.56,4354884.0,0.0,1.0,829.94,839.0,817.0,819.56,4354884.0,6.708767610878998,-0.0054757319135321225
771.3,788.48,771.0043,781.1,1970603.0,0.0,1.0,771.3,788.48,771.0043,781.1,1970603.0,6.660703182616252,-0.04806442826274626
776.81,777.29,765.54,771.75,3592641.0,0.0,1.0,776.81,777.29,765.54,771.75,3592641.0,6.648660663382269,-0.012042519233983029
787.17,791.29,775.35,775.97,1806264.0,0.0,1.0,787.17,791.29,775.35,775.97,1806264.0,6.654113859642095,0.005453196259826321
782.61,782.9,778.19,780.23,613549.0,0.0,1.0,782.61,782.9,778.19,780.23,613549.0,6.659588748012366,0.005474888370271103
761.9,770.5,759.0,764.46,1718846.0,0.0,1.0,761.9,770.5,759.0,764.46,1718846.0,6.639169702221345,-0.020419045791021162
799.3,809.95,798.05,809.45,1904463.0,0.0,1.0,799.3,809.95,798.05,809.45,1904463.0,6.696355004687515,0.05718530246616993
818.31,819.2,808.12,809.84,2598866.0,0.0,1.0,818.31,819.2,808.12,809.84,2598866.0,6.696836697290497,0.00048169260298180916
808.01,810.9696,805.11,807.8,765537.0,0.0,1.0,808.01,810.9696,805.11,807.8,765537.0,6.694314503129313,-0.0025221941611839327
803.21,803.285,789.62,792.45,1735879.0,0.0,1.0,803.21,803.285,789.62,792.45,1735879.0,6.675129412278435,-0.01918509085087816
814.99,828.96,811.5,825.21,2017097.0,0.0,1.0,814.99,828.96,811.5,825.21,2017097.0,6.715637899398029,0.04050848711959443
831.0,834.65,829.52,830.94,1290182.0,0.0,1.0,831.0,834.65,829.52,830.94,1290182.0,6.7225575900826815,0.00691969068465248
829.09,829.24,824.6,828.17,1306183.0,0.0,1.0,829.09,829.24,824.6,828.17,1306183.0,6.719218447320885,-0.0033391427617965874
859.0,867.0,841.9,845.03,3752497.0,0.0,1.0,859.0,867.0,841.9,845.03,3752497.0,6.739372129685538,0.020153682364653314
823.13,826.13,819.35,820.13,1528095.0,0.0,1.0,823.13,826.13,819.35,820.13,1528095.0,6.709462864278068,-0.029909265407470187
832.95,837.15,830.51,834.85,1415128.0,0.0,1.0,832.95,837.15,830.51,834.85,1415128.0,6.727252067994966,0.017789203716898072
841.31,846.94,839.78,846.55,1461210.0,0.0,1.0,841.31,846.94,839.78,846.55,1461210.0,6.741169266574241,0.01391719857927498
847.65,848.36,842.9601,847.81,1346189.0,0.0,1.0,847.65,848.36,842.9601,847.81,1346189.0,6.742656554083698,0.001487287509457147
848.94,850.82,844.705,849.08,1006612.0,0.0,1.0,848.94,850.82,844.705,849.08,1006612.0,6.744153410376243,0.0014968562925448126
862.7,864.229,857.61,861.405,1336585.0,0.0,1.0,862.7,864.229,857.61,861.405,1336585.0,6.758564777107459,0.014411366731216013
873.68,874.42,868.37,872.37,1868252.0,0.0,1.0,873.68,874.42,868.37,872.37,1868252.0,6.771213645840736,0.012648868733276863
842.0,844.0,829.1,835.14,2105682.0,0.0,1.0,842.0,844.0,829.1,835.14,2105682.0,6.727599375467364,-0.04361427037337151
846.83,849.56,845.2445,847.8,1440982.0,0.0,1.0,846.83,849.56,845.2445,847.8,1440982.0,6.742644758918536,0.015045383451171901
845.0,845.88,837.3,842.1,1110404.0,0.0,1.0,845.0,845.88,837.3,842.1,1110404.0,6.735898772035947,-0.006745986882589428
841.04,843.73,837.8503,840.18,1073650.0,0.0,1.0,841.04,843.73,837.8503,840.18,1073650.0,6.73361615459574,-0.0022826174402066357
860.62,862.44,857.73,858.95,1172870.0,0.0,1.0,860.62,862.44,857.73,858.95,1172870.0,6.755710713072455,0.02209455847671471
929.0,935.9,923.22,924.52,3753169.0,0.0,1.0,929.0,935.9,923.22,924.52,3753169.0,6.829274683908488,0.07356397083603294
956.72,958.4395,948.0986,950.28,1593898.0,0.0,1.0,956.72,958.4395,948.0986,950.28,1593898.0,6.8567566780103215,0.027481994101833607
957.85,957.98,952.06,955.14,1204133.0,0.0,1.0,957.85,957.98,952.06,955.14,1204133.0,6.8618579265951,0.0051012485847783395
952.82,959.56,952.0,954.65,1327354.0,0.0,1.0,952.82,959.56,952.0,954.65,1327354.0,6.861344781159474,-0.0005131454356259724
992.0,996.39,987.36,993.27,1622807.0,0.0,1.0,992.0,996.39,987.36,993.27,1622807.0,6.901002530409426,0.03965774924995191
988.59,996.48,987.07,996.12,1719720.0,0.0,1.0,988.59,996.48,987.07,996.12,1719720.0,6.903867732254945,0.002865201845518861
1005.49,1005.5,953.37,970.12,3613964.0,0.0,1.0,1005.49,1005.5,953.37,970.12,3613964.0,6.877419775186018,-0.026447957068926442
957.91,959.95,948.7,958.62,2484914.0,0.0,1.0,957.91,959.95,948.7,958.62,2484914.0,6.865494750267535,-0.011925024918483018
975.5,986.62,974.46,986.09,1439728.0,0.0,1.0,975.5,986.62,974.46,986.09,1439728.0,6.893747628327529,0.02825287805999377
943.99,944.9995,929.61,929.68,2185444.0,0.0,1.0,943.99,944.9995,929.61,929.68,2185444.0,6.834840440914618,-0.05890718741291057
930.985,944.66,929.79,940.81,1614080.0,0.0,1.0,930.985,944.66,929.79,940.81,1614080.0,6.846741206339573,0.01190076542495433
974.0,977.54,970.15,976.91,1048240.0,0.0,1.0,974.0,977.54,970.15,976.91,1048240.0,6.884394529068783,0.03765332272921018
989.0,995.11,984.17,993.84,1412108.0,0.0,1.0,989.0,995.11,984.17,993.84,1412108.0,6.901576227905421,0.017181698836638226
947.99,961.79,945.31,958.33,1795477.0,0.0,1.0,947.99,961.79,945.31,958.33,1795477.0,6.865192186296422,-0.036384041608998885
943.95,947.54,939.795,945.79,1192871.0,0.0,1.0,943.95,947.54,939.795,945.79,1192871.0,6.852020557094036,-0.013171629202386015
923.71,933.36,921.22,930.09,1589808.0,0.0,1.0,923.71,933.36,921.22,930.09,1589808.0,6.8352813556585295,-0.01673920143550678
926.98,931.02,923.45,926.18,1327288.0,0.0,1.0,926.98,931.02,923.45,926.18,1327288.0,6.831068600205215,-0.004212755453314898
939.21,940.73,930.1,930.5,1169101.0,0.0,1.0,939.21,940.73,930.1,930.5,1169101.0,6.835722076082305,0.004653475877090862
957.47,958.33,950.28,951.99,1034769.0,0.0,1.0,957.47,958.33,950.28,951.99,1034769.0,6.858554530534515,0.022832454452209383
949.7,950.7,940.01,941.41,996449.0,0.0,1.0,949.7,950.7,940.01,941.41,996449.0,6.847378751387786,-0.01117577914672907
940.09,941.75,931.25,935.29,1940047.0,0.0,1.0,940.09,941.75,931.25,935.29,1940047.0,6.840856641626693,-0.00652210976109302
942.77,950.0,940.835,943.26,1067617.0,0.0,1.0,942.77,950.0,940.835,943.26,1067617.0,6.849341960431477,0.008485318804784647
966.0,975.81,966.0,973.72,1906445.0,0.0,1.0,966.0,975.81,966.0,973.72,1906445.0,6.8811237879812195,0.031781827549742125
980.0,994.26,978.51,993.64,1490744.0,0.0,1.0,980.0,994.26,978.51,993.64,1490744.0,6.90137496801785,0.020251180036630956
1009.11,1014.76,1007.06,1007.87,1308881.0,0.0,1.0,1009.11,1014.76,1007.06,1007.87,1308881.0,6.915594472060225,0.014219504042374709
1007.05,1008.65,1002.27,1005.07,1568454.0,0.0,1.0,1007.05,1008.65,1002.27,1005.07,1568454.0,6.9128124698089,-0.0027820022513251885
1030.99,1063.62,1026.85,1033.67,5139945.0,0.0,1.0,1030.99,1063.62,1026.85,1033.67,5139945.0,6.940870855193344,0.02805838538444405
1042.75,1050.66,1037.65,1049.99,1370874.0,0.0,1.0,1042.75,1050.66,1037.65,1049.99,1370874.0,6.956535919296694,0.015665064103349557
1043.87,1046.63,1041.22,1044.15,955500.0,0.0,1.0,1043.87,1046.63,1041.22,1044.15,955500.0,6.950958436282785,-0.005577483013908591
1049.8,1051.0,1033.73,1035.89,1286044.0,0.0,1.0,1049.8,1051.0,1033.73,1035.89,1286044.0,6.94301623957601,-0.007942196706775206
1054.39,1060.07,1051.92,1056.52,825342.0,0.0,1.0,1054.39,1060.07,1051.92,1056.52,825342.0,6.9627357673076,0.019719527731590247
1030.41,1037.24,1016.9,1025.07,1850541.0,0.0,1.0,1030.41,1037.24,1016.9,1025.07,1850541.0,6.932516181923596,-0.030219585384004155
1051.81,1056.42,1045.86,1049.38,1479665.0,0.0,1.0,1051.81,1056.42,1045.86,1049.38,1479665.0,6.955954792561371,0.023438610637775525
1063.78,1075.25,1060.09,1072.0,3080738.0,0.0,1.0,1063.78,1075.25,1060.09,1072.0,3080738.0,6.977281341630747,0.021326549069375922
1070.0,1071.72,1067.64,1068.86,860800.0,0.0,1.0,1070.0,1071.72,1067.64,1068.86,860800.0,6.974347938931269,-0.0029334026994787266
1055.49,1058.05,1052.7,1053.4,1156357.0,0.0,1.0,1055.49,1058.05,1052.7,1053.4,1156357.0,6.959778307049289,-0.014569631881979461
1103.45,1113.58,1101.8,1110.29,1493389.0,0.0,1.0,1103.45,1113.58,1101.8,1110.29,1493389.0,7.012376521444861,0.05259821439557211
1110.1,1131.3,1108.01,1130.65,1914460.0,0.0,1.0,1110.1,1131.3,1108.01,1130.65,1914460.0,7.030547967569003,0.018171446124141788
1138.03,1143.78,1132.5,1143.5,1418376.0,0.0,1.0,1138.03,1143.78,1132.5,1143.5,1418376.0,7.041849013462836,0.011301045893833184
1187.53,1187.56,1168.03,1187.56,1981476.0,0.0,1.0,1187.53,1187.56,1168.03,1187.56,1981476.0,7.0796560609481745,0.03780704748533825
1127.42,1131.3,1111.17,1119.2,5798880.0,0.0,1.0,1127.42,1131.3,1111.17,1119.2,5798880.0,7.020369423351272,-0.05928663759690256
1025.88,1051.72,997.0,1043.43,4436032.0,0.0,1.0,1025.88,1051.72,997.0,1043.43,4436032.0,6.950268642331369,-0.07010078101990302
1093.38,1108.31,1091.55,1095.5,1971928.0,0.0,1.0,1093.38,1108.31,1091.55,1095.5,1971928.0,6.998966159035521,0.04869751670415212
1118.66,1129.0,1108.44,1128.09,1234539.0,0.0,1.0,1118.66,1129.0,1108.44,1128.09,1234539.0,7.028281216109215,0.02931505707369375
1057.98,1086.89,1050.11,1084.14,2508145.0,0.0,1.0,1057.98,1086.89,1050.11,1084.14,2508145.0,6.988542324951794,-0.039738891157420575
1139.5,1161.0,1134.29,1160.84,2070174.0,0.0,1.0,1139.5,1161.0,1134.29,1160.84,2070174.0,7.056899159970078,0.06835683501828349
1155.35,1156.81,1131.36,1134.42,2654602.0,0.0,1.0,1155.35,1156.81,1131.36,1134.42,2654602.0,7.033876786087893,-0.023022373882184866
1051.37,1066.78,1024.87,1026.55,2413517.0,0.0,1.0,1051.37,1066.78,1024.87,1026.55,2413517.0,6.933958944478773,-0.09991784160911976
1063.9,1064.54,997.62,1006.94,2940957.0,0.0,1.0,1063.9,1064.54,997.62,1006.94,2940957.0,6.914671308023866,-0.01928763645490683
